Id,Code,Name,Description,Cost,Active
1729981,HD-GDODC615D,HD-Guardian 615 head,Guardian 615,110,1
1729982,STL-207x25B,STL-207x25 Black Spring,207x25 Black Spring,20,1
1729983,STH-207x31R,STH-207x31 Red Spring,207x31 Red Spring,20,1
1729984,STH-234x35B,STH-234x35 Black Spring,234x35 Black Spring,20,1
1729985,STH-250x35B,STH-250x35 Black Spring,250x35 Black Spring,20,1
1729986,HD-LM8355,HD-LiftMaster 8355,Liftmaster 8355 1/2 HP AC Powerhead.&nbsp; Warranty with Manufacturer.,180,1
1729987,HDR-GDO8CHAINT,HDR-Guardian 8ft chain,guardian 8chain,30,1
1729988,STL-218x26.5R,STL-218x26.5 Red Spring,218x26.5 Red Spring,20,1
1729989,STM-234x43MLB,STM-234x43 Max Life Black Spring,234x43 Max Life Black Spring,30,1
1729990,STH-250x39R,STH-250x39 Red Spring,250x39 Red Spring,20,1
1729991,SO-P728C,SO-P728C One Piece Spring,P728C One Piece Spring,20,1
1729992,HDR-G2777,HDR-LiftMaster 7ft Belt,LiftMaster 7ft Belt,40,1
1729993,HD-LM8550W,HD-LiftMaster 8550W,Liftmaster 8550W powerhead,210,1
1729994,HD-G628FCA,HD-Guardian 628FCA Head,Blue tooth speaker unit,210,1
1729995,HDR-GDO7BELTT,HDR-Guardian 7ft Belt Rail,Guardian 7ft belt rail,30,1
1729996,STH-207x31B,STH-207x31 Black Spring,207x31 Black Spring,20,1
1729997,STL-218x26.5B,STL-218x26.5 Black Spring,218x26.5 Black Spring,20,1
1729998,STM-250x47.5MLR,STM-250x47.5 Max Life Red Spring,250x47.5 Max Life Red Spring,30,1
1729999,STH-250x39B,STH-250x39 Black Spring,250x39 Black Spring,20,1
1730000,STH-262x39.5B,STH-262x39.5 Black Spring,262x39.5 Black Spring,20,1
1730001,STH-262x39.5R,STH-262x39.5 Red Spring,262x39.5 Red Spring,20,1
1730002,HDR-G2778,HDR-LiftMaster 8ft Belt,LiftMaster 8ft Belt,60,1
1730003,HD-LM8500,HD-LiftMaster 8500 JackShaft,LiftMaster 8500 LightDuty Jackshaft operator,295,1
1730004,STH-234x35R,STH-234x35 Red Spring,234x35 Red Spring,20,1
1730005,STH-250x35R,STH-250x35 Red Spring,250x35 Red Spring,20,1
1730006,SO-P328C,SO-P328C One Piece Spring,P328C One Piece Spring,20,1
1730007,SO-P928C,SO-P928C One Piece Spring,P928C One Piece Spring,20,1
1730008,HD-GDOAC415,HD-Guardian 415 head,Guardian 415 1/2HP AC Powerhead.&nbsp; Warranty with manufacturer.,90,1
1730009,HDR-G2770,HDR-LiftMaster 10ft Belt,Liftmaster 10' belt rail,80,1
1730010,HDR-GDO8BELTT,HDR-Guardian 8ft Belt Rail,Guardian 8ft Belt,40,1
1730011,STH-218x31B,STH-218x31 Black Spring,218x31 Black Spring,20,1
1730012,STH-218x31R,STH-218x31 Red Spring,218x31 Red Spring,20,1
1730013,SO-P528C,SO-P528C One Piece Spring,P528C One Piece Spring<br>,20,1
1730014,HDR-GDO7CHAINT,HDR-Guardian 7ft Chain Rail,Guardian 7' Ft Chain Rail for Guardian operator,20,1
1730015,HD-LM8557W,HD-LiftMaster 8557W,LiftMaster 8557W Powerhead,195,1
1730016,HD-GDODC628D,HD-Guardian 628 Head,Guardian 628 Head,130,1
1730017,STL-207x25R,STL-207x25 Red Spring,207x25 Red Spring,20,1
1730018,STL-225x27.5R,STL-225x27.5 Red Spring,225x27.5 Red Spring,20,1
1730019,STL-225x27.5B,STL-225x27.5 Black Spring,225x27.5 Black Spring,20,1
1730020,STM-234x43MLR,STM-234x43 Max Life Red Spring,234x43 Max Life Red Spring,30,1
1730021,STM-250x47.5MLB,STM-250x47.5 Max Life Black Spring,250x47.5 Max Life Black Spring,30,1
1730022,HA-8ft Cables,HA-8ft Cables,8 ft cables,10,1
1730023,HA-7ft Drums,HA-7ft Drums,7ft Drums,10,1
1730024,ELM-LM877 MAX,LM-LM877 MAX Keypad,LM877 Keypad Universal for all Liftmaster,35,1
1730026,HR-8ft Retainer,"HR-8ft Bottom Retainer Bracket-2""","8ft Bottom Retainer Bracket-2""",12,1
1730027,EGD-Circuit Board DC Motor,GD-Circuit Board DC Motor,Circuit Board DC Motor,40,1
1730028,A1-Armor,A1-Garage Door Armor,Garage Door Armor,0,1
1730029,HT-16ft Tube,HT-16ft Torsion Tube,16ft Torsion Tube,15,1
1730030,EGD-G433MHZ Remote,GD-Guardian 433MHZ Remote,Guardian 433 MHZ Remote for special use only when radio frequency interference is occuring with normal frequency.&nbsp; Special circuit board is all that works with this gray remote.,0,1
1730031,ELM-LM828,LM-LM828 Internet Gateway,LM828 Internet Gateway,40,1
1730032,ELM-LM855,LM-LM855 HomeLink Repeater,LM855 HomeLink Repeater,40,1
1730033,ELM-LM885,LM-LM885 Wireless Wall Button,LM885 Wireless Wall Button,30,1
1730034,ELM-LM888,LM-LM888 MyQ Wall Button,LM888 MyQ Wall Button,40,1
1730035,ELM-LM895,LM-LM895 Remote Blue Light,LM895 Remote Blue light,30,1
1730036,HWD-WD9100/9600 Op Bracket,HWD-9100/9600 Wayne Dalton Op Bracket,9100/9600 Wayne Dalton Op Bracket,10,1
1730037,HR-9ft Retainer,"HR-9ft Bottom Retainer Bracket-2""","9ft Bottom Retainer Bracket-2""",14,1
1730038,HA-Center Bearing,HA-Center Bearing - Stainless Steel,Center Bearing - Stainless Steel,5,1
1730039,A1-Armor Pro,A1-Garage Door Armor Pro,Garage Door Armor Pro,15,1
1730040,EGE-Genie Remote,GE-Genie Remote,Genie Remote,25,1
1730041,HA-Nylon Individual Extension Roller,"HA-Nylon Roller 8"" Stem",Extra Long stem to never have the roller pop out of the hinge.&nbsp; Individual Extension Roller.,1,1
1730042,ELM-LM365,LM-LM365 Security+ Radio Reciever,LM365 Security+ Radio Reciever,40,1
1730043,ELM-LM485,LM-LM485 Battery Backup,LM485 Battery Backup,25,1
1730044,ELM-LM635,LM-LM635 Security+ Universal Reciever,LM635 Security+ Universal Reciever,40,1
1730045,ELM-LM850,LM-LM850 Repeater,LM850 Repeater,50,1
1730046,ELM-LM882,LM-LM882 Multi Function Wall Button,LM882 Multi Function Wall Button,30,1
1730047,HA-Bottom Lift Bracket,HA-Bottom Lift Bracket,Bottom Lift Bracket,10,1
1730048,HR-18ft Retainer,"HR-18ft Bottom Retainer Bracket-2""","18ft Bottom Retainer Bracket-2""",25,1
1730049,HA-Center Plate w/o Bearing,HA-Center Plate w/o Bearing,Center Plate w/o Bearing,5,1
1730050,EGD-Guardian 415 Circuit Board,GD-Circuit Board 415,Guardian 415 Circuit Board,40,1
1730051,ELM-G&S Old Belt,LM-Gear & Sprocket Old Style Belt,Gear &amp; Sprocket Old Style Belt,35,1
1730052,EGE-G3T-BX,GE-Genie Key Chain Remote,Genie Key Chain Remote,25,1
1730053,EGD-Guardian 2B Remote,GD-Guardian 2B Remote,Guardian 2B Remote,15,1
1730054,ELM-LM377,LM-LM377 LiftMaster Keypad,LM377 Liftmaster Keypad for purple button circuit board,10,1
1730055,EGD-G433MHZKeypad,GD-Guardian 433 MHZ Keypad,Guardian 433 MHZ Keypad for special use only when radio frequency interference is occuring with normal frequency.  Special circuit board is all that works with this keypad.,20,1
1730056,HA-8ft Drums,HA-8ft Drums,8ft Drums,10,1
1730057,HR-16ft Retainer,"HR-16ft Bottom Retainer Bracket-2""","16ft Bottom Retainer Bracket-2""",20,1
1730058,EGE-Genie Keypad,GE-Genie Intellicode Keypad,Genie Intellicode Keypad,30,1
1730059,HA-Nylon Roller,"HA-Nylon Roller 4"" Stem","13Ball Bearing Nylon Roller with 4"" Stem.  Allows years of door rolling smoothly down the track preventing wear and tear on the rest of the door.",1,1
1730060,ELM-LM373,LM-LM373 3-Button Remote,LM373 3-Button Remote,30,1
1730061,HA-7ft Cables,HA-7ft Cables,Pair of 7ft Cables,10,1
1730062,HT-8ft Torsion Tube,HT-8ft Torsion Tube,8ft Torsion Tube,10,1
1730063,ELM-LM893 MAX,LM-LM893 MAX Remote,LM893 MAX Remote 3 button,30,1
1730064,HA-Bearing End Plate (Pair),HA-Bearing End Plate (Pair),Bearing End Plate (Pair),10,1
1730065,HA-Emergency Release,HA-Emergency Release,Emergency Release,15,1
1730066,ELM-G&S Belt New,LM-Gear & Sprocket New Style Belt,Gear & Sprocket New Style Belt,35,1
1730067,ELM-G&S Chain,LM-Gear & Sprocket Chain Style,Gear &amp; Sprocket Chain Style,35,1
1730068,EGE-Genie Trolley,GE-Genie Trolley,Genie Trolley For Screw drive,15,1
1730069,HT-18ft Tube,HT-18ft Torsion Tube,18ft Torsion Tube,15,1
1730070,ELM-LM387,LM-LM387 Universal Keypad,LM387 Universal Keypad,35,1
1730071,HT-9ft Tube,HT-9ft Torsion Tube,9ft Torsion Tube,10,1
1730072,ELM-LM880,LM-LM880 Smart Control Panel,LM880 Smart Control Panel,40,1
1730073,ELM-LM890 MAX,LM-LM890 Max Remote,LM890 Max Remote,30,1
1730074,HA-Center Plate w/ Bearing,HA-Center Plate w/ Bearing,Center Plate w/ Bearing,10,1
1730075,EGD-Guardian Keypad,GD-Guardian Keypad,Guardian Keypad,20,1
5000131,"A1-6200Z Red 4"" Rollers","A1-6200Z Red 4"" Rollers","A1 Red Lifetime Premium Sealed Ball Bearing Rollers with 4"" Stem",2,1
5000133,HA-Jamb Brackets,HA-Jamb Brackets,Jamb Brackets,10,1
5000134,TV-Vertical Rail - 7ft,TV-Vertical Rail - 7ft,Vertical Rail - 7ft,0,1
5000135,TV-Vertical Rail - 8ft,TV-Vertical Rail - 8ft,Vertical Rail - 8ft,0,1
5000136,"T-7ft Track - 12"" Radius","T-7ft Track - 12"" Radius","7ft Track - 12"" Radius",0,1
5000137,"T-7ft Track - 15"" Radius","T-7ft Track - 15"" Radius","7ft Track - 15"" Radius",0,1
5000138,"T-8ft Track - 12"" Radius","T-8ft Track - 12"" Radius","8ft Track - 12"" Radius",0,1
5000139,"T-8ft Track - 15"" Radius","T-8ft Track - 15"" Radius","8ft Track - 15"" Radius",0,1
5000140,HRU-18ft Bottom Rubber,HRU-18ft Bottom Rubber,18ft Bottom Rubber,25,1
5000141,"HRU-6"" Oversized Roll 200FT","HRU-6"" Oversized Roll 200FT","HRU-6"" Oversized Roll 200FT",0,1
5000143,HS-8ft Strut,HS-8ft Strut,8ft Strut,8,1
5000144,HS-9ft Strut,HS-9ft Strut,9ft Strut,10,1
5000145,HS-16ft Strut,HS-16ft Strut,16ft Strut,15,1
5000146,HS-18ft Strut,HS-18ft Strut,18ft Strut,20,1
5000147,STM-218X40.5 MLR,STM-218X40.5 Max Life - Red,218X40.5 Max Life - Red,30,1
5000148,STM-218X40.5 MLB,STM-218X40.5 Max Life - Black,218X40.5 Max Life - Black,30,1
5000149,STM-283X63.25 MLR,STM-283X63.25 Max Life - Red,283X63.25 Max Life - Red,30,1
5000150,STM-283X63.25 MLB,STM-283X63.25 Max Life - Black,283X63.25 Max Life - Black,30,1
5000151,STM-273X59.5MLR,STM-273X59.5 Max Life - Red,273X59.5 Max Life - Red,30,1
5000152,STM-273X59.5MLB,STM-273X59.5 Max Life - Black,273X59.5 Max Life - Black,30,1
5000153,STM-289X62.5 MLR,STM-289X62.5 Max Life - Red,289X62.5 Max Life - Red,30,1
5000154,STM-289X62.5 MLB,STM-289X62.5 Max Life - Black,289X62.5 Max Life - Black,30,1
5000155,EGD-Guardian ClearCom Board,EGD-Guardian ClearCom Board,EGD-Guardian ClearCom Board,40,1
5000156,EGD-Guardian ClearCom Remote,GD-Guardian ClearCom Remote,Guardian ClearCom Remote,15,1
5000157,HCS-Cables - Custom Size,HCS-Cables - Custom Size,Cables - Custom Size,2,1
5000158,ELM-LM375UT - Universal Remote,ELM-LM375UT - Universal Remote,ELM-LM375UT - Universal Remote,30,1
5000159,ELM-LiftMaster Trolly,LM-LiftMaster Trolly,LiftMaster Trolly,30,1
5000160,ELM-LiftMaster Eyes (Pair),ELM-LiftMaster Eyes (Pair),ELM-LiftMaster Eyes (Pair),30,1
5000168,TA-Angle Iron Framing,TA-Angle Iron Framing,Angle Iron Framing,5,1
5000169,HA-Top Bracket,HA-Top Bracket,Top Bracket,5,1
5000170,ELM-Car2U Repeater,LM-Car2U Repeater,Car2U Repeater,50,1
5000171,ELM-G & S - Special Order,ELM-G & S - Special Order,Gear &amp; Sprocket - Special Order&nbsp;,35,1
5000172,EGE-Genie 3-Button remote,GE-Genie 3-Button remote,Genie 3-Button remote,25,1
5000173,EGE-Genie Safety Eyes (Pair),GE-Genie Safety Eyes (Pair),Genie Safety Eyes (Pair),30,1
5000174,EGD-Gardian 3-Button Min Remote,GD-Guardian 3-Button Min Remote,Gardian 3-Button Min Remote,20,1
5000175,EGD-GD Wireless Wall Button,EGD-GD Wireless Wall Button,Guardian Wireless Wall Button,15,1
5000176,EGD-Gurdian Premium Wall Button,GD-Guardian Premium Wall Button,Gurdian Premium Wall Button,15,1
5000177,EGD-Guardian 628FCA Board,EGD-Guardian 628FCA Board,Guardian 628FCA Circuit Board,0,1
5000178,EGD-Guradian Trolly,GD-Guardian Trolly,Guradian Trolly,10,1
5000179,EGD-Guradian Lens Cover,GD-Guardian Lens Cover,Guradian Lens Cover,15,1
5000180,EGD-Guardian Replcmnt Belt,EGD-Guardian Replacement Belt,Guardian Replacement Belt,0,1
5000181,HA-#1 Hinges,HA-#1 Hinges,#1 Hinges,5,1
5000182,HA-#2 Hinges,HA-#2 Hinges,#2 Hinges,5,1
5000183,HA-#3 Hinges,HA-#3 Hinges,#3 Hinges,5,1
5000184,HA-#4 Hinges,HA-#4 Hinges,#4 Hinges,5,1
5000185,HA-Hinges - Heavy Duty - #1,HA-Hinges - Heavy Duty - #1,Hinges - Heavy Duty - #1,5,1
5000186,HA-Hinges - Heavy Duty - #2,HA-Hinges - Heavy Duty - #2,Hinges - Heavy Duty - #2,5,1
5000187,HA-Hinges - Heavy Duty - #3,HA-Hinges - Heavy Duty - #3,Hinges - Heavy Duty - #3,5,1
5000188,HA-Hinges - Heavy Duty - #4,HA-Hinges - Heavy Duty - #4,Hinges - Heavy Duty - #4,5,1
5000189,HA-Quick Turn Brackets,HA-Quick Turn Brackets,Quick Turn Brackets,10,1
5000190,A1-Low Temp Tube Grease Lube,A1-Low Temp Tube Grease Lube,Low Temp Tube Grease Lube,0,1
5000192,A1-Spray Grease Lube - 15oz.,A1-Spray Grease Lube - 15oz.,Spray Grease Lube - 15oz.,0,1
5000193,HK-Dbl Door Hardware Kit - 7ft,HK-Dbl Door Hardware Kit - 7ft,Double Door Hardware Kit - 7ft,0,1
5000194,HK-Dbl Door Hardware Kit - 8ft,HK-Dbl Door Hardware Kit - 8ft,Double Door Hardware Kit - 8ft,0,1
5000195,"HA-ORB - 21""","HA-ORB - 21""","ORB - 21""",15,1
5000196,"HA-ORB -24""","HA-ORB -24""","ORB -24""",15,1
5000197,HA-Lock Slide,HA-Slide Lock,Slide Lock,10,1
5000198,HA-T-Handle Lock Assembly,HA-T-Handle Lock Assembly,T-Handle Lock Assembly,0,1
5000199,HA-Flag Brackets (Pair),HA-Flag Brackets (Pair),Flag Brackets (Pair),10,1
5000201,HRU-8ft Bottom Rubber - Gray,HRU-8ft Bottom Rubber - Grey,8ft Bottom Rubber - Grey,15,1
5000202,HRU-9ft Bottom Rubber - Gray,HRU-9ft Bottom Rubber - Grey,9ft Bottom Rubber - Grey,15,1
5000203,HRU-16ft Bottom Rubber - Gray,HRU-16ft Bottom Rubber - Gray,16ft Bottom Rubber - Gray,25,1
41565068,NRC-Door Install Parts,Door Install Parts,Materials Used from A1 Warehouse for New Door Install,0,1
41589128,NRC-Max Life Upgrade Parts,Max Life Upgrade Parts,Parts for Max Life New Door Upgrade Package,85,1
41901641,ELM-LM378 Wireless Wall Button,LM-LM378 Wireless Wall Button (Purple Button),LM378 Wireless Wall Button For Purple Button,22,1
41902234,ELM-LM380 Light Kit,LM-LM380 Light Kit,LiftMaster 380 Light Kit for jackshaft Operators,20,1
41909384,ELM-Special Order Circuit Board,Special Order Circuit Board,Use this item for all makes/models of circuit boards as a place holder for the PO Cost.&nbsp; If you have the guardian circuit board on the truck use the guardian circuit board item.&nbsp;&nbsp;,70,1
43611114,HD-LM8365,HD-LM8365 Head,LM8365 Power Head,165,1
43891586,NRC-NW Door 10YUP Package,NW Door 10YUP Package,NW Door 10YUP Package,30,1
43894984,"DNW-16x18"" NW501 White Panel","DNW-16x18"" NW501 White Panel","16x18"" NW501 White Panel",37,1
43894985,"DNW-16x18"" NW501 Sandtone Panel","DNW-16x18"" NW501 Sandtone Panel","16x18"" NW501 Sandtone Panel",37,1
43894986,"DNW-16x18"" NW502 Brown Panel","DNW-16x18"" NW502 Brown Panel","16x18"" NW502 Brown Panel",37,1
43894987,"DNW-16x18"" NW502 Almond Panel","DNW-16x18"" NW502 Almond Panel","16x18"" NW502 Almond Panel",37,1
43894988,"DNW-16x18"" NW502 White Panel","DNW-16x18"" NW502 White Panel","16x18"" NW502 White Panel",37,1
43894989,"DNW-16x18"" NW502 Sandtone Panel","DNW-16x18"" NW502 Sandtone Panel","16x18"" NW502 Sandtone Panel",37,1
43894990,"DNW-16x18"" NW401 Brown Panel","DNW-16x18"" NW401 Brown Panel","16x18"" NW401 Brown Panel",42,1
43894991,"DNW-16x18"" NW401 Almond Panel","DNW-16x18"" NW401 Almond Panel","16x18"" NW401 Almond Panel",42,1
43894992,"DNW-16x18"" NW401 White Panel","DNW-16x18"" NW401 White Panel","16x18"" NW401 White Panel",42,1
43894993,"DNW-16x18"" NW401 Sandtone Panel","DNW-16x18"" NW401 Sandtone Panel","16x18"" NW401 Sandtone Panel",42,1
43894994,"DNW-16x18"" NW402 Brown Panel","DNW-16x18"" NW402 Brown Panel","16x18"" NW402 Brown Panel",42,1
43894995,"DNW-16x18"" NW402 Almond Panel","DNW-16x18"" NW402 Almond Panel","16x18"" NW402 Almond Panel",42,1
43894996,"DNW-16x18"" NW402 White Panel","DNW-16x18"" NW402 White Panel","16x18"" NW402 White Panel",42,1
43894997,"DNW-16x18"" NW402 Sandtone Panel","DNW-16x18"" NW402 Sandtone Panel","16x18"" NW402 Sandtone Panel",42,1
43894998,"DNW-16x18"" NW50C Brown Panel","DNW-16x18"" NW50C Brown Panel","16x18"" NW50C Brown Panel",37,1
43894999,"DNW-16x18"" NW50C Almond Panel","DNW-16x18"" NW50C Almond Panel","16x18"" NW50C Almond Panel",37,1
43895000,"DNW-16x18"" NW50C White Panel","DNW-16x18"" NW50C White Panel","16x18"" NW50C White Panel",37,1
43895001,"DNW-16x18"" NW50C Sandtone Panel","DNW-16x18"" NW50C Sandtone Panel","16x18"" NW50C Sandtone Panel",37,1
43895002,"DNW-16x18"" NW118 Brown Panel","DNW-16x18"" NW118 Brown Panel","16x18"" NW118 Brown Panel",63,1
43895003,"DNW-16x18"" NW118 Almond Panel","DNW-16x18"" NW118 Almond Panel","16x18"" NW118 Almond Panel",63,1
43895004,"DNW-16x18"" NW118 White Panel","DNW-16x18"" NW118 White Panel","16x18"" NW118 White Panel",63,1
43895005,"DNW-16x18"" NW118 Sandtone Panel","DNW-16x18"" NW118 Sandtone Panel","16x18"" NW118 Sandtone Panel",63,1
43895006,"DNW-16x18"" NW128 Brown Panel","DNW-16x18"" NW128 Brown Panel","16x18"" NW128 Brown Panel",63,1
43895007,"DNW-16x18"" NW128 Almond Panel","DNW-16x18"" NW128 Almond Panel","16x18"" NW128 Almond Panel",63,1
43895008,"DNW-16x18"" NW128 White Panel","DNW-16x18"" NW128 White Panel","16x18"" NW128 White Panel",63,1
43895009,"DNW-16x18"" NW128 Sandtone Panel","DNW-16x18"" NW128 Sandtone Panel","16x18"" NW128 Sandtone Panel",63,1
43895010,"DNW-16x18"" NW10C Brown Panel","DDL-16x18"" NW10C Brown Panel","16x18"" NW10C Brown Panel",63,1
43895011,"DNW-16x18"" NW10C Almond Panel","DDL-16x18"" NW10C Almond Panel","16x18"" NW10C Almond Panel",63,1
43895012,"DNW-16x18"" NW10C White Panel","DNW-16x18"" NW10C White Panel","16x18"" NW10C White Panel",63,1
43895013,"DNW-16x18"" NW10C Sandtone Panel","DNW-16x18"" NW10C Sandtone Panel","16x18"" NW10C Sandtone Panel",63,1
43895014,"DNW-16x21"" NW501 White Panel","DNW-16x21"" NW501 White Panel","16x21"" NW501 White Panel",39,1
43895015,"DNW-16x21"" NW501 Sandtone Panel","DNW-16x21"" NW501 Sandtone Panel","16x21"" NW501 Sandtone Panel",39,1
43895016,"DNW-16x21"" NW502 Brown Panel","DNW-16x21"" NW502 Brown Panel","16x21"" NW502 Brown Panel",39,1
43895017,"DNW-16x21"" NW502 Almond Panel","DNW-16x21"" NW502 Almond Panel","16x21"" NW502 Almond Panel",39,1
43895018,"DNW-16x21"" NW502 White Panel","DNW-16x21"" NW502 White Panel","16x21"" NW502 White Panel",39,1
43895019,"DNW-16x21"" NW502 Sandtone Panel","DNW-16x21"" NW502 Sandtone Panel","16x21"" NW502 Sandtone Panel",39,1
43895020,"DNW-16x21"" NW401 Brown Panel","DNW-16x21"" NW401 Brown Panel","16x21"" NW401 Brown Panel",44,1
43895021,"DNW-16x21"" NW401 Almond Panel","DNW-16x21"" NW401 Almond Panel","16x21"" NW401 Almond Panel",44,1
43895022,"DNW-16x21"" NW401 White Panel","DNW-16x21"" NW401 White Panel","16x21"" NW401 White Panel",44,1
43895023,"DNW-16x21"" NW401 Sandtone Panel","DNW-16x21"" NW401 Sandtone Panel","16x21"" NW401 Sandtone Panel",44,1
43895024,"DNW-16x21"" NW402 Brown Panel","DNW-16x21"" NW402 Brown Panel","16x21"" NW402 Brown Panel",44,1
43895025,"DNW-16x21"" NW402 Almond Panel","DNW-16x21"" NW402 Almond Panel","16x21"" NW402 Almond Panel",44,1
43895026,"DNW-16x21"" NW402 White Panel","DNW-16x21"" NW402 White Panel","16x21"" NW402 White Panel",44,1
43895027,"DNW-16x21"" NW402 Sandtone Panel","DNW-16x21"" NW402 Sandtone Panel","16x21"" NW402 Sandtone Panel",44,1
43895028,"DNW-16x21"" NW50C Brown Panel","DNW-16x21"" NW50C Brown Panel","16x21"" NW50C Brown Panel",39,1
43895029,"DNW-16x21"" NW50C Almond Panel","DNW-16x21"" NW50C Almond Panel","16x21"" NW50C Almond Panel",39,1
43895030,"DNW-16x21"" NW50C White Panel","DNW-16x21"" NW50C White Panel","16x21"" NW50C White Panel",39,1
43895031,"DNW-16x21"" NW50C Sandtone Panel","DNW-16x21"" NW50C Sandtone Panel","16x21"" NW50C Sandtone Panel",39,1
43895032,"DNW-16x21"" NW118 Brown Panel","DNW-16x21"" NW118 Brown Panel","16x21"" NW118 Brown Panel",71,1
43895033,"DNW-16x21"" NW118 Almond Panel","DNW-16x21"" NW118 Almond Panel","16x21"" NW118 Almond Panel",71,1
43895034,"DNW-16x21"" NW118 White Panel","DNW-16x21"" NW118 White Panel","16x21"" NW118 White Panel",71,1
43895035,"DNW-16x21"" NW118 Sandtone Panel","DNW-16x21"" NW118 Sandtone Panel","16x21"" NW118 Sandtone Panel",71,1
43895036,"DNW-16x21"" NW128 Brown Panel","DNW-16x21"" NW128 Brown Panel","16x21"" NW128 Brown Panel",71,1
43895037,"DNW-16x21"" NW128 Almond Panel","DNW-16x21"" NW128 Almond Panel","16x21"" NW128 Almond Panel",71,1
43895038,"DNW-16x21"" NW128 White Panel","DNW-16x21"" NW128 White Panel","16x21"" NW128 White Panel",71,1
43895039,"DNW-16x21"" NW128 Sandtone Panel","DNW-16x21"" NW128 Sandtone Panel","16x21"" NW128 Sandtone Panel",71,1
43895040,"DNW-16x21"" NW10C Brown Panel","DNW-16x21"" NW10C Brown Panel","16x21"" NW10C Brown Panel",71,1
43896443,HRR-16ft NW Ret w/ Rubber,HRR-16ft NW Ret w/ Rubber,16ft NW Retainer with Rubber,0,1
43896961,"DNW-16x21"" NW10C Almond Panel","DNW-16x21"" NW10C Almond Panel","16x21"" NW10C Almond Panel",71,1
43896962,"DNW-16x21"" NW10C White Panel","DNW-16x21"" NW10C White Panel","16x21"" NW10C White Panel",71,1
43896963,"DNW-16x21"" NW10C Sandtone Panel","DNW-16x21"" NW10C Sandtone Panel","16x21"" NW10C Sandtone Panel",71,1
43896964,"DNW-9x18"" NW501 Brown Panel","DNW-9x18"" NW501 Brown Panel","9x18"" NW501 Brown Panel",21,1
43896965,"DNW-9x18"" NW501 Almond Panel","DNW-9x18"" NW501 Almond Panel","9x18"" NW501 Almond Panel",21,1
43896966,"DNW-9x18"" NW501 White Panel","DNW-9x18"" NW501 White Panel","9x18"" NW501 White Panel",21,1
43896967,"DNW-9x18"" NW501 Sandtone Panel","DNW-9x18"" NW501 Sandtone Panel","9x18"" NW501 Sandtone Panel",21,1
43896968,"DNW-9x18"" NW502 Brown Panel","DNW-9x18"" NW502 Brown Panel","9x18"" NW502 Brown Panel",21,1
43896969,"DNW-9x18"" NW502 Almond Panel","DNW-9x18"" NW502 Almond Panel","9x18"" NW502 Almond Panel",21,1
43896970,"DNW-9x18"" NW502 White Panel","DNW-9x18"" NW502 White Panel","9x18"" NW502 White Panel",21,1
43896971,"DNW-9x18"" NW502 Sandtone Panel","DNW-9x18"" NW502 Sandtone Panel","9x18"" NW502 Sandtone Panel",21,1
43896972,"DNW-9x18"" NW401 Brown Panel","DNW-9x18"" NW401 Brown Panel","9x18"" NW401 Brown Panel",24,1
43896973,"DNW-9x18"" NW401 Almond Panel","DNW-9x18"" NW401 Almond Panel","9x18"" NW401 Almond Panel",24,1
43896974,"DNW-9x18"" NW401 White Panel","DNW-9x18"" NW401 White Panel","9x18"" NW401 White Panel",24,1
43896975,"DNW-9x18"" NW401 Sandtone Panel","DNW-9x18"" NW401 Sandtone Panel","9x18"" NW401 Sandtone Panel",24,1
43896976,"DNW-9x18"" NW402 Brown Panel","DNW-9x18"" NW402 Brown Panel","9x18"" NW402 Brown Panel",24,1
43896977,"DNW-9x18"" NW402 Almond Panel","DNW-9x18"" NW402 Almond Panel","9x18"" NW402 Almond Panel",24,1
43896978,"DNW-9x18"" NW402 White Panel","DNW-9x18"" NW402 White Panel","9x18"" NW402 White Panel",24,1
43896979,"DNW-9x18"" NW402 Sandtone Panel","DNW-9x18"" NW402 Sandtone Panel","9x18"" NW402 Sandtone Panel",24,1
43896980,"DNW-9x18"" NW50C Brown Panel","DNW-9x18"" NW50C Brown Panel","9x18"" NW50C Brown Panel",21,1
43896981,"DNW-9x18"" NW50C Almond Panel","DNW-9x18"" NW50C Almond Panel","9x18"" NW50C Almond Panel",21,1
43896982,"DNW-9x18"" NW50C White Panel","DNW-9x18"" NW50C White Panel","9x18"" NW50C White Panel",21,1
43896983,"DNW-9x18"" NW50C Sandtone Panel","DNW-9x18"" NW50C Sandtone Panel","9x18"" NW50C Sandtone Panel",21,1
43896984,"DNW-9x18"" NW118 Brown Panel","DNW-9x18"" NW118 Brown Panel","9x18"" NW118 Brown Panel",36,1
43896985,"DNW-9x18"" NW118 Almond Panel","DNW-9x18"" NW118 Almond Panel","9x18"" NW118 Almond Panel",36,1
43896986,"DNW-9x18"" NW118 White Panel","DNW-9x18"" NW118 White Panel","9x18"" NW118 White Panel",36,1
43896987,"DNW-9x18"" NW118 Sandtone Panel","DNW-9x18"" NW118 Sandtone Panel","9x18"" NW118 Sandtone Panel",36,1
43896988,"DNW-9x18"" NW128 Brown Panel","DNW-9x18"" NW128 Brown Panel","9x18"" NW128 Brown Panel",36,1
43896989,"DNW-9x18"" NW128 Almond Panel","DNW-9x18"" NW128 Almond Panel","9x18"" NW128 Almond Panel",36,1
43896990,"DNW-9x18"" NW128 White Panel","DNW-9x18"" NW128 White Panel","9x18"" NW128 White Panel",36,1
43896991,"DNW-9x18"" NW128 Sandtone Panel","DNW-9x18"" NW128 Sandtone Panel","9x18"" NW128 Sandtone Panel",36,1
43896992,"DNW-9x18"" NW10C Brown Panel","DNW-9x18"" NW10C Brown Panel","9x18"" NW10C Brown Panel",36,1
43896993,"DNW-9x18"" NW10C Almond Panel","DNW-9x18"" NW10C Almond Panel","9x18"" NW10C Almond Panel",36,1
43896994,"DNW-9x18"" NW10C White Panel","DNW-9x18"" NW10C White Panel","9x18"" NW10C White Panel",36,1
43896995,"DNW-9x18"" NW10C Sandtone Panel","DNW-9x18"" NW10C Sandtone Panel","9x18"" NW10C Sandtone Panel",36,1
43896996,"DNW-8x18"" NW501 Brown Panel","DNW-8x18"" NW501 Brown Panel","8x18"" NW501 Brown Panel",19,1
43896997,"DNW-8x18"" NW501 Almond Panel","DNW-8x18"" NW501 Almond Panel","8x18"" NW501 Almond Panel",19,1
43896998,"DNW-8x18"" NW501 White Panel","DNW-8x18"" NW501 White Panel","8x18"" NW501 White Panel",19,1
43896999,"DNW-8x18"" NW501 Sandtone Panel","DNW-8x18"" NW501 Sandtone Panel","8x18"" NW501 Sandtone Panel",19,1
43897000,"DNW-8x18"" NW502 Brown Panel","DNW-8x18"" NW502 Brown Panel","8x18"" NW502 Brown Panel",19,1
43897001,"DNW-8x18"" NW502 Almond Panel","DNW-8x18"" NW502 Almond Panel","8x18"" NW502 Almond Panel",19,1
43897002,"DNW-8x18"" NW502 White Panel","DNW-8x18"" NW502 White Panel","8x18"" NW502 White Panel",19,1
43897003,"DNW-8x18"" NW502 Sandtone Panel","DNW-8x18"" NW502 Sandtone Panel","8x18"" NW502 Sandtone Panel",19,1
43897004,"DNW-8x18"" NW401 Brown Panel","DNW-8x18"" NW401 Brown Panel","8x18"" NW401 Brown Panel",22,1
43897005,"DNW-8x18"" NW401 Almond Panel","DNW-8x18"" NW401 Almond Panel","8x18"" NW401 Almond Panel",22,1
43897006,"DNW-8x18"" NW401 White Panel","DNW-8x18"" NW401 White Panel","8x18"" NW401 White Panel",22,1
43897007,"DNW-8x18"" NW401 Sandtone Panel","DNW-8x18"" NW401 Sandtone Panel","8x18"" NW401 Sandtone Panel",22,1
43897008,"DNW-8x18"" NW402 Brown Panel","DNW-8x18"" NW402 Brown Panel","8x18"" NW402 Brown Panel",22,1
43897009,"DNW-8x18"" NW402 Almond Panel","DNW-8x18"" NW402 Almond Panel","8x18"" NW402 Almond Panel",22,1
43897010,"DNW-8x18"" NW402 White Panel","DNW-8x18"" NW402 White Panel","8x18"" NW402 White Panel",22,1
43897011,"DNW-8x18"" NW402 Sandtone Panel","DNW-8x18"" NW402 Sandtone Panel","8x18"" NW402 Sandtone Panel",22,1
43897012,"DNW-8x18"" NW50C Brown Panel","DNW-8x18"" NW50C Brown Panel","8x18"" NW50C Brown Panel",19,1
43897013,"DNW-8x18"" NW50C Almond Panel","DNW-8x18"" NW50C Almond Panel","8x18"" NW50C Almond Panel",19,1
43897014,"DNW-8x18"" NW50C White Panel","DNW-8x18"" NW50C White Panel","8x18"" NW50C White Panel",19,1
43897015,"DNW-8x18"" NW50C Sandtone Panel","DNW-8x18"" NW50C Sandtone Panel","8x18"" NW50C Sandtone Panel",19,1
43897016,"DNW-8x18"" NW118 Brown Panel","DNW-8x18"" NW118 Brown Panel","8x18"" NW118 Brown Panel",32,1
43897017,"DNW-8x18"" NW118 Almond Panel","DNW-8x18"" NW118 Almond Panel","8x18"" NW118 Almond Panel",32,1
43897018,"DNW-8x18"" NW118 White Panel","DNW-8x18"" NW118 White Panel","8x18"" NW118 White Panel",32,1
43897019,"DNW-8x18"" NW118 Sandtone Panel","DNW-8x18"" NW118 Sandtone Panel","8x18"" NW118 Sandtone Panel",32,1
43897020,"DNW-8x18"" NW128 Brown Panel","DNW-8x18"" NW128 Brown Panel","8x18"" NW128 Brown Panel",32,1
43897021,"DNW-8x18"" NW128 Almond Panel","DNW-8x18"" NW128 Almond Panel","8x18"" NW128 Almond Panel",32,1
43897022,"DNW-8x18"" NW128 White Panel","DNW-8x18"" NW128 White Panel","8x18"" NW128 White Panel",32,1
43897023,"DNW-8x18"" NW128 Sandtone Panel","DNW-8x18"" NW128 Sandtone Panel","8x18"" NW128 Sandtone Panel",32,1
43897024,"DNW-8x18"" NW10C Brown Panel","DNW-8x18"" NW10C Brown Panel","8x18"" NW10C Brown Panel",32,1
43897025,"DNW-8x18"" NW10C Almond Panel","DNW-8x18"" NW10C Almond Panel","8x18"" NW10C Almond Panel",32,1
43897026,"DNW-8x18"" NW10C White Panel","DNW-8x18"" NW10C White Panel","8x18"" NW10C White Panel",32,1
43897027,"DNW-8x18"" NW10C Sandtone Panel","DNW-8x18"" NW10C Sandtone Panel","8x18"" NW10C Sandtone Panel",32,1
43897028,"DNW-9x21"" NW501 Brown Panel","DNW-9x21"" NW501 Brown Panel","9x21"" NW501 Brown Panel",23,1
43897029,"DNW-9x21"" NW501 Almond Panel","DNW-9x21"" NW501 Almond Panel","9x21"" NW501 Almond Panel",23,1
43897030,"DNW-9x21"" NW501 White Panel","DNW-9x21"" NW501 White Panel","9x21"" NW501 White Panel",23,1
43897031,"DNW-9x21"" NW501 Sandtone Panel","DNW-9x21"" NW501 Sandtone Panel","9x21"" NW501 Sandtone Panel",23,1
43897032,"DNW-9x21"" NW502 Brown Panel","DNW-9x21"" NW502 Brown Panel","9x21"" NW502 Brown Panel",23,1
43897033,"DNW-9x21"" NW502 Almond Panel","DNW-9x21"" NW502 Almond Panel","9x21"" NW502 Almond Panel",23,1
43897034,"DNW-9x21"" NW502 White Panel","DNW-9x21"" NW502 White Panel","9x21"" NW502 White Panel",23,1
43897035,"DNW-9x21"" NW502 Sandtone Panel","DNW-9x21"" NW502 Sandtone Panel","9x21"" NW502 Sandtone Panel",23,1
43897036,"DNW-9x21"" NW401 Brown Panel","DNW-9x21"" NW401 Brown Panel","9x21"" NW401 Brown Panel",25,1
43897037,"DNW-9x21"" NW401 Almond Panel","DNW-9x21"" NW401 Almond Panel","9x21"" NW401 Almond Panel",25,1
43897038,"DNW-9x21"" NW401 White Panel","DNW-9x21"" NW401 White Panel","9x21"" NW401 White Panel",25,1
43897039,"DNW-9x21"" NW401 Sandtone Panel","DNW-9x21"" NW401 Sandtone Panel","9x21"" NW401 Sandtone Panel",25,1
43897040,"DNW-9x21"" NW402 Brown Panel","DNW-9x21"" NW402 Brown Panel","9x21"" NW402 Brown Panel",25,1
43897041,"DNW-9x21"" NW402 Almond Panel","DNW-9x21"" NW402 Almond Panel","9x21"" NW402 Almond Panel",25,1
43897042,"DNW-9x21"" NW402 White Panel","DNW-9x21"" NW402 White Panel","9x21"" NW402 White Panel",25,1
43897043,"DNW-9x21"" NW402 Sandtone Panel","DNW-9x21"" NW402 Sandtone Panel","9x21"" NW402 Sandtone Panel",25,1
43897044,"DNW-9x21"" NW50C Brown Panel","DNW-9x21"" NW50C Brown Panel","9x21"" NW50C Brown Panel",23,1
43897045,"DNW-9x21"" NW50C Almond Panel","DNW-9x21"" NW50C Almond Panel","9x21"" NW50C Almond Panel",23,1
43897046,"DNW-9x21"" NW50C White Panel","DNW-9x21"" NW50C White Panel","9x21"" NW50C White Panel",23,1
43897047,"DNW-9x21"" NW50C Sandtone Panel","DNW-9x21"" NW50C Sandtone Panel","9x21"" NW50C Sandtone Panel",23,1
43897048,"DNW-9x21"" NW118 Brown Panel","DNW-9x21"" NW118 Brown Panel","9x21"" NW118 Brown Panel",40,1
43897049,"DNW-9x21"" NW118 Almond Panel","DNW-9x21"" NW118 Almond Panel","9x21"" NW118 Almond Panel",40,1
43897050,"DNW-9x21"" NW118 White Panel","DNW-9x21"" NW118 White Panel","9x21"" NW118 White Panel",40,1
43897051,"DNW-9x21"" NW118 Sandtone Panel","DNW-9x21"" NW118 Sandtone Panel","9x21"" NW118 Sandtone Panel",40,1
43897052,"DNW-9x21"" NW128 Brown Panel","DNW-9x21"" NW128 Brown Panel","9x21"" NW128 Brown Panel",40,1
43897053,"DNW-9x21"" NW128 Almond Panel","DNW-9x21"" NW128 Almond Panel","9x21"" NW128 Almond Panel",40,1
43897054,"DNW-9x21"" NW128 White Panel","DNW-9x21"" NW128 White Panel","9x21"" NW128 White Panel",40,1
43897055,"DNW-9x21"" NW128 Sandtone Panel","DNW-9x21"" NW128 Sandtone Panel","9x21"" NW128 Sandtone Panel",40,1
43897056,"DNW-9x21"" NW10C Brown Panel","DNW-9x21"" NW10C Brown Panel","9x21"" NW10C Brown Panel",40,1
43897057,"DNW-9x21"" NW10C Almond Panel","DNW-9x21"" NW10C Almond Panel","9x21"" NW10C Almond Panel",40,1
43897058,"DNW-9x21"" NW10C White Panel","DNW-9x21"" NW10C White Panel","9x21"" NW10C White Panel",40,1
43897059,"DNW-9x21"" NW10C Sandtone Panel","DNW-9x21"" NW10C Sandtone Panel","9x21"" NW10C Sandtone Panel",40,1
43897060,"DNW-8x21"" NW501 Brown Panel","DNW-8x21"" NW501 Brown Panel","8x21"" NW501 Brown Panel",19,1
43897061,"DNW-8x21"" NW501 Almond Panel","DNW-8x21"" NW501 Almond Panel","8x21"" NW501 Almond Panel",19,1
43897062,"DNW-8x21"" NW501 White Panel","DNW-8x21"" NW501 White Panel","8x21"" NW501 White Panel",19,1
43897063,"DNW-8x21"" NW501 Sandtone Panel","DNW-8x21"" NW501 Sandtone Panel","8x21"" NW501 Sandtone Panel",19,1
43897064,"DNW-8x21"" NW502 Brown Panel","DNW-8x21"" NW502 Brown Panel","8x21"" NW502 Brown Panel",19,1
43897065,"DNW-8x21"" NW502 Almond Panel","DNW-8x21"" NW502 Almond Panel","8x21"" NW502 Almond Panel",19,1
43897066,"DNW-8x21"" NW502 White Panel","DNW-8x21"" NW502 White Panel","8x21"" NW502 White Panel",19,1
43897067,"DNW-8x21"" NW502 Sandtone Panel","DNW-8x21"" NW502 Sandtone Panel","8x21"" NW502 Sandtone Panel",19,1
43897068,"DNW-8x21"" NW401 Brown Panel","DNW-8x21"" NW401 Brown Panel","8x21"" NW401 Brown Panel",22,1
43897069,"DNW-8x21"" NW401 Almond Panel","DNW-8x21"" NW401 Almond Panel","8x21"" NW401 Almond Panel",22,1
43897070,"DNW-8x21"" NW401 White Panel","DNW-8x21"" NW401 White Panel","8x21"" NW401 White Panel",22,1
43897071,"DNW-8x21"" NW401 Sandtone Panel","DNW-8x21"" NW401 Sandtone Panel","8x21"" NW401 Sandtone Panel",22,1
43897072,"DNW-8x21"" NW402 Brown Panel","DNW-8x21"" NW402 Brown Panel","8x21"" NW402 Brown Panel",22,1
43897073,"DNW-8x21"" NW402 Almond Panel","DNW-8x21"" NW402 Almond Panel","8x21"" NW402 Almond Panel",22,1
43897074,"DNW-8x21"" NW402 White Panel","DNW-8x21"" NW402 White Panel","8x21"" NW402 White Panel",22,1
43897075,"DNW-8x21"" NW402 Sandtone Panel","DNW-8x21"" NW402 Sandtone Panel","8x21"" NW402 Sandtone Panel",22,1
43897076,"DNW-8x21"" NW50C Brown Panel","DNW-8x21"" NW50C Brown Panel","8x21"" NW50C Brown Panel",19,1
43897077,"DNW-8x21"" NW50C Almond Panel","DNW-8x21"" NW50C Almond Panel","8x21"" NW50C Almond Panel",19,1
43897078,"DNW-8x21"" NW50C White Panel","DNW-8x21"" NW50C White Panel","8x21"" NW50C White Panel",19,1
43897079,"DNW-8x21"" NW50C Sandtone Panel","DNW-8x21"" NW50C Sandtone Panel","8x21"" NW50C Sandtone Panel",19,1
43897080,"DNW-8x21"" NW118 Brown Panel","DNW-8x21"" NW118 Brown Panel","8x21"" NW118 Brown Panel",36,1
43897081,"DNW-8x21"" NW118 Almond Panel","DNW-8x21"" NW118 Almond Panel","8x21"" NW118 Almond Panel",36,1
43897082,"DNW-8x21"" NW118 White Panel","DNW-8x21"" NW118 White Panel","8x21"" NW118 White Panel",36,1
43897083,"DNW-8x21"" NW118 Sandtone Panel","DNW-8x21"" NW118 Sandtone Panel","8x21"" NW118 Sandtone Panel",36,1
43897084,"DNW-8x21"" NW128 Brown Panel","DNW-8x21"" NW128 Brown Panel","8x21"" NW128 Brown Panel",36,1
43897085,"DNW-8x21"" NW128 Almond Panel","DNW-8x21"" NW128 Almond Panel","8x21"" NW128 Almond Panel",36,1
43897086,"DNW-8x21"" NW128 White Panel","DNW-8x21"" NW128 White Panel","8x21"" NW128 White Panel",36,1
43897087,"DNW-8x21"" NW128 Sandtone Panel","DNW-8x21"" NW128 Sandtone Panel","8x21"" NW128 Sandtone Panel",36,1
43897088,"DNW-8x21"" NW10C Brown Panel","DNW-8x21"" NW10C Brown Panel","8x21"" NW10C Brown Panel",36,1
43897089,"DNW-8x21"" NW10C Almond Panel","DNW-8x21"" NW10C Almond Panel","8x21"" NW10C Almond Panel",36,1
43897090,"DNW-8x21"" NW10C White Panel","DNW-8x21"" NW10C White Panel","8x21"" NW10C White Panel",36,1
43897091,"DNW-8x21"" NW10C Sandtone Panel","DNW-8x21"" NW10C Sandtone Panel","8x21"" NW10C Sandtone Panel",36,1
43898241,"DNW-16x21"" NW501 Almond Panel","DNW-16x21"" NW501 Almond Panel","16x21"" NW501 Almond Panel",39,1
43898285,"DNW-16x18"" NW501 Almond Panel","DNW-16x18"" NW501 Almond Panel","16x18"" NW501 Almond Panel",37,1
43898333,"DNW-16x18"" NW501 Brown Panel","DNW-16x18"" NW501 Brown Panel","16x18"" NW501 Brown Panel",37,1
43898369,"DNW-16x21"" NW501 Brown Panel","DNW-16x21"" NW501 Brown Panel","16x21"" NW501 Brown Panel",39,1
43898521,HRR-9ft NW Retainer with Rubber,HRR-9ft NW Retainer with Rubber,9ft NW Retainer with Rubber,0,1
43899272,HRR-8ft NW Retainer with Rubber,HRR-8ft NW Retainer with Rubber,8ft NW Retainer with Rubber,0,1
44109916,NRC-NW16x8 500 Door,NW16x8 500 Door,NW16x8 500 Door,315,1
44110060,NRC-NW16x7 500 Door,NW16x7 500 Door,NW16x7 500 Door,280,1
44110162,HK-Sgl Door Hardware Kit - 7ft,HK-Sgl Door Hardware Kit - 7ft,Single Door Hardware Kit - 7ft,0,1
44110206,NRC-NW8x7 500 Door,NW8x7 500 Door,NW8x7 500 Door,170,1
44110402,HK-Sgl Door Hardware Kit - 8ft,HK-Sgl Door Hardware Kit - 8ft,Single Door Hardware Kit - 8ft,0,1
44110446,NRC-NW9x7 500 Door,NW9x7 500 Door,NW9x7 500 Door,185,1
44110528,NRC-NW16x7 118/128/10C Door,NW16x7 118/128/10C Door,NW16x7 118/128/10C Door,400,1
44110629,NRC-NW16x8 400 Door,NW16x8 400 Door,NW16x8 400 Door,335,1
44110744,NRC-NW16x7 400 Door,NW16x7 400 Door,NW16x7 400 Door,300,1
44111006,NRC-NW9x7 118/128/10C Door,NW9x7 118/128/10C Door,NW9x7 118/128/10C Door,285,1
44111146,NRC-NW8x7 400 Door,NW8x7 400 Door,NW8x7 400 Door,190,1
44111190,NRC-NW9x7 400 Door,NW9x7 400 Door,NW9x7 400 Door,205,1
44111234,NRC-NW16x8 118/128/10C Door,NW16x8 118/128/10C Door,NW16x8 118/128/10C Door,455,1
44111278,NRC-NW8x7 118/128/10C Door,NW8x7 118/128/10C Door,NW8x7 118/128/10C Door,265,1
44137386,NW Trim,NW Trim,NW Trim,20,1
44384123,"DDL-16x21"" DL430 WAL BTM Panel","DDL-16x21"" DL430 WAL BTM Panel","16x21"" DL430 WAL BTM Panel",0,1
44384636,"DDL-8x21"" DL430 WAL BTM Panel","DDL-8x21"" DL430 WAL BTM Panel","8x21"" DL430 WAL BTM Panel",0,1
44384802,"DDL-9x21"" DL430 WAL BTM Panel","DDL-9x21"" DL430 WAL BTM Panel","9x21"" DL430 WAL BTM Panel",0,1
44384848,"DDL-16x21"" DL430 WAL INT Panel","DDL-16x21"" DL430 WAL INT Panel","16x21"" DL430 WAL INT Panel",0,1
44384894,"DDL-18x21"" DL430 WAL BTM Panel","DDL-18x21"" DL430 WAL BTM Panel","18x21"" DL430 WAL BTM Panel",0,1
44385070,"DDL-9x21"" DL430 WAL INT Panel","DDL-9x21"" DL430 WAL INT Panel","9x21"" DL430 WAL INT Panel",0,1
44385325,"DDL-8x21"" DL430 WAL INT Panel","DDL-8x21"" DL430 WAL INT Panel","8x21"" DL430 WAL INT Panel",0,1
44385384,"DDL-18x21"" DL430 WAL INT Panel","DDL-18x21"" DL430 WAL INT Panel","18x21"" DL430 WAL INT Panel",0,1
44385448,"DDL-18x18"" DL430 WAL INT Panel","DDL-18x18"" DL430 WAL INT Panel","18x18"" DL430 WAL INT Panel",0,1
44385497,"DDL-9x21"" DL440 WAL INT Panel","DDL-9x21"" DL440 WAL INT Panel","9x21"" DL440 WAL INT Panel",0,1
44385640,"DDL-16x21"" DL440 WAL BTM Panel","DDL-16x21"" DL440 WAL BTM Panel","16x21"" DL440 WAL BTM Panel",0,1
44385965,"DDL-8x21"" DL440 WAL INT Panel","DDL-8x21"" DL440 WAL INT Panel","8x21"" DL440 WAL INT Panel",0,1
44386014,"DDL-16x21"" DL440 WAL INT Panel","DDL-16x21"" DL440 WAL INT Panel","16x21"" DL440 WAL INT Panel",0,1
44386128,"DDL-8x21"" DL440 WAL BTM Panel","DDL-8x21"" DL440 WAL BTM Panel","8x21"" DL440 WAL BTM Panel",0,1
44386195,"DDL-16x18"" DL430 WAL INT Panel","DDL-16x18"" DL430 WAL INT Panel","16x18"" DL430 WAL INT Panel",0,1
44386266,"DDL-16x18"" DL440 WAL INT Panel","DDL-16x18"" DL440 WAL INT Panel","16x18"" DL440 WAL INT Panel",0,1
44386323,"DDL-9x21"" DL440 WAL BTM Panel","DDL-9x21"" DL440 WAL BTM Panel","9x21"" DL440 WAL BTM Panel",0,1
44386377,"DDL-18x21"" DL440 WAL INT Panel","DDL-18x21"" DL440 WAL INT Panel","18x21"" DL440 WAL INT Panel",0,1
44386422,"DDL-18x18"" DL440 WAL INT Panel","DDL-18x18"" DL440 WAL INT Panel","18x18"" DL440 WAL INT Panel",0,1
44386455,"DDL-18x21"" DL440 WAL BTM Panel","DDL-18x21"" DL440 WAL BTM Panel","18x21"" DL440 WAL BTM Panel",0,1
44392482,DL18x7 430/440,DL18x7 430/440,DL18x7 430/440&nbsp;,410,1
44392528,DL18x8 430/440,DL18x8 430/440,DL18x8 430/440&nbsp;,470,1
44392638,NRC-DL16x7 430/440,DL16x7 430/440,DL16x7 430/440&nbsp;,365,1
44392684,DL16x8 430/440,DL16x8 430/440,DL16x8 430/440&nbsp;,430,1
44393126,DL8x7 430/440,DL8x7 430/440,DL8x7 430/440&nbsp;,240,1
44393221,DL9x7 430/440,DL9x7 430/440,DL9x7 430/440&nbsp;,255,1
45410524,A1-Red 1 Plug SP,A1-Red 1 Plug Surge Protector,Red 1 Plug Surge Protector,0,1
45410590,A1-Red 3 Plug SP,A1-Red 3 Plug Surge Protector,Red 3 Plug Surge Protector,0,1
46037999,"DNW-18x18"" NW501 White Panel","DNW-18x18"" NW501 White Panel","18x18"" NW501 White Panel",48,1
46038000,"DNW-18x18"" NW501 Sandtone Panel","DNW-18x18"" NW501 Sandtone Panel","18x18"" NW501 Sandtone Panel",48,1
46038001,"DNW-18x18"" NW502 Brown Panel","DNW-18x18"" NW502 Brown Panel","18x18"" NW502 Brown Panel",48,1
46038002,"DNW-18x18"" NW502 Almond Panel","DNW-18x18"" NW502 Almond Panel","18x18"" NW502 Almond Panel",48,1
46038003,"DNW-18x18"" NW502 White Panel","DNW-18x18"" NW502 White Panel","18x18"" NW502 White Panel",48,1
46038004,"DNW-18x18"" NW502 Sandtone Panel","DNW-18x18"" NW502 Sandtone Panel","18x18"" NW502 Sandtone Panel",48,1
46038005,"DNW-18x18"" NW401 Brown Panel","DNW-18x18"" NW401 Brown Panel","18x18"" NW401 Brown Panel",53,1
46038006,"DNW-18x18"" NW401 Almond Panel","DNW-18x18"" NW401 Almond Panel","18x18"" NW401 Almond Panel",53,1
46038007,"DNW-18x18"" NW401 White Panel","DNW-18x18"" NW401 White Panel","18x18"" NW401 White Panel",53,1
46038008,"DNW-18x18"" NW401 Sandtone Panel","DNW-18x18"" NW401 Sandtone Panel","18x18"" NW401 Sandtone Panel",53,1
46038009,"DNW-18x18"" NW402 Brown Panel","DNW-18x18"" NW402 Brown Panel","18x18"" NW402 Brown Panel",53,1
46038010,"DNW-18x18"" NW402 Almond Panel","DNW-18x18"" NW402 Almond Panel","18x18"" NW402 Almond Panel",53,1
46038011,"DNW-18x18"" NW402 White Panel","DNW-18x18"" NW402 White Panel","18x18"" NW402 White Panel",53,1
46038012,"DNW-18x18"" NW402 Sandtone Panel","DNW-18x18"" NW402 Sandtone Panel","18x18"" NW402 Sandtone Panel",53,1
46038013,"DNW-18x18"" NW50C Brown Panel","DNW-18x18"" NW50C Brown Panel","18x18"" NW50C Brown Panel",48,1
46038014,"DNW-18x18"" NW50C Almond Panel","DNW-18x18"" NW50C Almond Panel","18x18"" NW50C Almond Panel",48,1
46038015,"DNW-18x18"" NW50C White Panel","DNW-18x18"" NW50C White Panel","18x18"" NW50C White Panel",48,1
46038016,"DNW-18x18"" NW50C Sandtone Panel","DNW-18x18"" NW50C Sandtone Panel","18x18"" NW50C Sandtone Panel",48,1
46038017,"DNW-18x18"" NW118 Brown Panel","DNW-18x18"" NW118 Brown Panel","18x18"" NW118 Brown Panel",73,1
46038018,"DNW-18x18"" NW118 Almond Panel","DNW-18x18"" NW118 Almond Panel","18x18"" NW118 Almond Panel",73,1
46038019,"DNW-18x18"" NW118 White Panel","DNW-18x18"" NW118 White Panel","18x18"" NW118 White Panel",73,1
46038020,"DNW-18x18"" NW118 Sandtone Panel","DNW-18x18"" NW118 Sandtone Panel","18x18"" NW118 Sandtone Panel",73,1
46038021,"DNW-18x18"" NW128 Brown Panel","DNW-18x18"" NW128 Brown Panel","18x18"" NW128 Brown Panel",73,1
46038022,"DNW-18x18"" NW128 Almond Panel","DNW-18x18"" NW128 Almond Panel","18x18"" NW128 Almond Panel",73,1
46038023,"DNW-18x18"" NW128 White Panel","DNW-18x18"" NW128 White Panel","18x18"" NW128 White Panel",73,1
46038024,"DNW-18x18"" NW128 Sandtone Panel","DNW-18x18"" NW128 Sandtone Panel","18x18"" NW128 Sandtone Panel",73,1
46038025,"DNW-18x18"" NW10C Brown Panel","DNW-18x18"" NW10C Brown Panel","18x18"" NW10C Brown Panel",73,1
46038026,"DNW-18x18"" NW10C Almond Panel","DNW-18x18"" NW10C Almond Panel","18x18"" NW10C Almond Panel",73,1
46038027,"DNW-18x18"" NW10C White Panel","DNW-18x18"" NW10C White Panel","18x18"" NW10C White Panel",73,1
46038028,"DNW-18x18"" NW10C Sandtone Panel","DNW-18x18"" NW10C Sandtone Panel","18x18"" NW10C Sandtone Panel",73,1
46038029,"DNW-18x21"" NW501 White Panel","DNW-18x21"" NW501 White Panel","18x21"" NW501 White Panel",51,1
46038030,"DNW-18x21"" NW501 Sandtone Panel","DNW-18x21"" NW501 Sandtone Panel","18x21"" NW501 Sandtone Panel",51,1
46038031,"DNW-18x21"" NW502 Brown Panel","DNW-18x21"" NW502 Brown Panel","18x21"" NW502 Brown Panel",51,1
46038032,"DNW-18x21"" NW502 Almond Panel","DNW-18x21"" NW502 Almond Panel","18x21"" NW502 Almond Panel",51,1
46038033,"DNW-18x21"" NW502 White Panel","DNW-18x21"" NW502 White Panel","18x21"" NW502 White Panel",51,1
46038034,"DNW-18x21"" NW502 Sandtone Panel","DNW-18x21"" NW502 Sandtone Panel","18x21"" NW502 Sandtone Panel",51,1
46038035,"DNW-18x21"" NW401 Brown Panel","DNW-18x21"" NW401 Brown Panel","18x21"" NW401 Brown Panel",57,1
46038036,"DNW-18x21"" NW401 Almond Panel","DNW-18x21"" NW401 Almond Panel","18x21"" NW401 Almond Panel",57,1
46038037,"DNW-18x21"" NW401 White Panel","DNW-18x21"" NW401 White Panel","18x21"" NW401 White Panel",57,1
46038038,"DNW-18x21"" NW401 Sandtone Panel","DNW-18x21"" NW401 Sandtone Panel","18x21"" NW401 Sandtone Panel",57,1
46038039,"DNW-18x21"" NW402 Brown Panel","DNW-18x21"" NW402 Brown Panel","18x21"" NW402 Brown Panel",57,1
46038040,"DNW-18x21"" NW402 Almond Panel","DNW-18x21"" NW402 Almond Panel","18x21"" NW402 Almond Panel",57,1
46038041,"DNW-18x21"" NW402 White Panel","DNW-18x21"" NW402 White Panel","18x21"" NW402 White Panel",57,1
46038042,"DNW-18x21"" NW402 Sandtone Panel","DNW-18x21"" NW402 Sandtone Panel","18x21"" NW402 Sandtone Panel",57,1
46038043,"DNW-18x21"" NW50C Brown Panel","DNW-18x21"" NW50C Brown Panel","18x21"" NW50C Brown Panel",51,1
46038044,"DNW-18x21"" NW50C Almond Panel","DNW-18x21"" NW50C Almond Panel","18x21"" NW50C Almond Panel",51,1
46038045,"DNW-18x21"" NW50C White Panel","DNW-18x21"" NW50C White Panel","18x21"" NW50C White Panel",51,1
46038046,"DNW-18x21"" NW50C Sandtone Panel","DNW-18x21"" NW50C Sandtone Panel","18x21"" NW50C Sandtone Panel",51,1
46038047,"DNW-18x21"" NW118 Brown Panel","DNW-18x21"" NW118 Brown Panel","18x21"" NW118 Brown Panel",82,1
46038048,"DNW-18x21"" NW118 Almond Panel","DNW-18x21"" NW118 Almond Panel","18x21"" NW118 Almond Panel",82,1
46038049,"DNW-18x21"" NW118 White Panel","DNW-18x21"" NW118 White Panel","18x21"" NW118 White Panel",82,1
46038050,"DNW-18x21"" NW118 Sandtone Panel","DNW-18x21"" NW118 Sandtone Panel","18x21"" NW118 Sandtone Panel",82,1
46038051,"DNW-18x21"" NW128 Brown Panel","DNW-18x21"" NW128 Brown Panel","18x21"" NW128 Brown Panel",82,1
46038052,"DNW-18x21"" NW128 Almond Panel","DNW-18x21"" NW128 Almond Panel","18x21"" NW128 Almond Panel",82,1
46038053,"DNW-18x21"" NW128 White Panel","DNW-18x21"" NW128 White Panel","18x21"" NW128 White Panel",82,1
46038054,"DNW-18x21"" NW128 Sandtone Panel","DNW-18x21"" NW128 Sandtone Panel","18x21"" NW128 Sandtone Panel",82,1
46038055,"DNW-18x21"" NW10C Brown Panel","DNW-18x21"" NW10C Brown Panel","18x21"" NW10C Brown Panel",82,1
46038056,"DNW-18x21"" NW10C Almond Panel","DNW-18x21"" NW10C Almond Panel","18x21"" NW10C Almond Panel",82,1
46038057,"DNW-18x21"" NW10C White Panel","DNW-18x21"" NW10C White Panel","18x21"" NW10C White Panel",82,1
46038058,"DNW-18x21"" NW10C Sandtone Panel","DNW-18x21"" NW10C Sandtone Panel","18x21"" NW10C Sandtone Panel",82,1
46038059,"DNW-18x21"" NW501 Almond Panel","DNW-18x21"" NW501 Almond Panel","18x21"" NW501 Almond Panel",51,1
46038060,"DNW-18x18"" NW501 Almond Panel","DNW-18x18"" NW501 Almond Panel","18x18"" NW501 Almond Panel",51,1
46038061,"DNW-18x18"" NW501 Brown Panel","DNW-18x18"" NW501 Brown Panel","18x18"" NW501 Brown Panel",51,1
46038062,"DNW-18x21"" NW501 Brown Panel","DNW-18x21"" NW501 Brown Panel","18x21"" NW501 Brown Panel",51,1
46185305,HD-LM 8587 Head,HD-LM 8587 Head,LM 8587 Power Head,220,1
46185375,HDR-LM 10ft I-Beam Chain,HDR-LM 10ft I-Beam Chain,LM 10ft I-Beam Chain,100,1
46185667,HDR-LM 7ft I-Beam Chain,HDR-LM 7ft I-Beam Chain,LM 7ft I-Beam Chain,50,1
46186019,HDR-LM 8ft I-Beam Chain,HDR-LM 8ft I-Beam Chain,LM 8ft I-Beam Chain,80,1
46308720,HRR-18ft NW Ret w/ Rubber,HRR-18ft NW Ret w/ Rubber,18ft NW Retainer with Rubber,0,1
46339465,NRC-NW18x7 500,NW18x7 500,NW18x7 500,320,1
46339467,NRC-NW18x7 118/128/10C,NW18x7 118/128/10C,NW18x7 118/128/10C,460,1
46339719,NRC-NW18x7 400,NW18x7 400,NW18x7 400,340,1
46527479,HA-8ft SS Cables,HA-8ft SS Cables,8ft Stainless Steel Cables,10,1
46528521,HA-7ft SS Cables,HA-7ft SS Cables,7ft Stainless Steel Cables,10,1
46528599,HA-Sneaky OEB,HA-Sneakey OEB,Sneaky Operator Extension Bracket for Ultra low headroom.,30,1
46529028,HA-Ext Ctr Plate w/o Bearing,HA-Ext Ctr Plate w/o Bearing,Extended Center Plate w/o Bearing,5,1
50021567,HD-LM8165,HD-LM8165,LM8165 Powerhead,115,1
56064626,EGD-Guardian Safety Eyes,GD-Guardian Safety Eyes,Guardian Safety Eyes,0,1
56065049,ELM-LM841,LM-LM841,LM841 Auto Lock for 8550,0,1
56065116,ELM-LM374UT,LM-LM374UT,LM374UT Mini Universal Remote for Liftmaster,0,1
56065207,"HR-8ft Retainer-1.5""","HR-8ft Retainer-1.5""","8ft Retainer-1.5""",0,1
56066033,"HR-9ft Retainer-1.5""","HR-9ft Retainer-1.5""","9ft Retainer-1.5""",0,1
56066790,"HR-16ft Retainer-1.5""","HR-16ft Retainer-1.5""","16ft Retainer-1.5""",0,1
56067151,"HR-18ft Retainer-1.5""","HR-18ft Retainer-1.5""","18ft Retainer-1.5""",0,1
56316028,ELM-3/4 HP Dual G&S,LM-3/4 HP Dual G&S,3/4 HP Dual Gear and Sprocket Assembly kit,0,1
60013640,STH-273x39R,STH-273x39R,273x39 Red Spring,0,1
60013659,STH-273x39B,STH-273x39B,273x39 Black Spring,0,1
66755506,Custom Wood Overlay Door,Custom Wood Overlay Door,Custom Wood Overlay Door,25,1
66756350,Custom Steel Clad Door,Custom Steel Clad Door,Custom Steel Clad Door,15,1
66757320,Full View Door,Full View Door,Full View Door,22,1
66763061,NRC-Staining Door (pre-finished),Staining Door (pre-finished),Custom Stain on Pre-Finished Wood Door&nbsp;,2,1
66765774,#NAME?,Powder Coat,Powder Coating Track and Face Hardware,200,1
68596093,HD-LM8155,HD-LM8155,LM8155 Powerhead,0,1
69578624,Clopay Door,Clopay Door,Clopay Door,0,1
69714995,Clopay 16x7 4050 White Door,Clopay 16x7 4050 White Door,Clopay 16x7 4050 White Door,400,1
69939547,NRC-Dummy PO Part,Dummy PO Part,Dummy PO Part,0,1
71412152,"DNW-8x18"" NW10C Med Wood Panel","DNW-8x18"" NW10C Med Wood Panel","DNW-8x18"" NW10C Med Wood Panel",0,1
71412414,"DNW-9x18"" NW10C Med Wood Panel","DNW-9x18"" NW10C Med Wood Panel","DNW-9x18"" NW10C Med Wood Panel",0,1
71412670,"DNW-9x21"" NW10C Med Wood Panel","DNW-9x21"" NW10C Med Wood Panel","DNW-9x21"" NW10C Med Wood Panel",0,1
71412833,"DNW-8x21"" NW10C Med Wood Panel","DNW-8x21"" NW10C Med Wood Panel","DNW-8x21"" NW10C Med Wood Panel",0,1
71413286,"DNW-16x18"" NW10C Dark Wd Pnl","DNW-16x18"" NW10C Dark Wd Pnl","DNW-16x18"" NW10C Dark Wood Panel",0,1
71413753,"DNW-16x21"" NW10C Dark Wd Pnl","DNW-16x21"" NW10C Dark Wd Pnl","DNW-16x21"" NW10C Dark Wood Panel",0,1
71413878,"DNW-16x18"" NW10C Med Wood Panel","DNW-16x18"" NW10C Med Wood Panel","DNW-16x18"" NW10C Med Wood Panel",0,1
71413933,"DNW-9x21"" NW10C Dark Wood Panel","DNW-9x21"" NW10C Dark Wood Panel","DNW-9x21"" NW10C Dark Wood Panel",0,1
71414017,"DNW-8x18"" NW10C Dark Wood Panel","DNW-8x18"" NW10C Dark Wood Panel","DNW-8x18"" NW10C Dark Wood Panel",0,1
71414177,"DNW-8x21"" NW10C Dark Wood Panel","DNW-8x21"" NW10C Dark Wood Panel","DNW-8x21"" NW10C Dark Wood Panel",0,1
71414232,"DNW-16x21"" NW10C Med Wood Panel","DNW-16x21"" NW10C Med Wood Panel","DNW-16x21"" NW10C Med Wood Panel",0,1
71414875,"DNW-9x18"" NW10C Dark Wood Panel","DNW-9x18"" NW10C Dark Wood Panel","DNW-9x18"" NW10C Dark Wood Panel",0,1
73381809,ELM-LM894LT,LM-LM894LT,LM-LM894LT,0,1
73387729,HD-ATS 2113X,LM-ATS 2113X,LM-ATS 2113X,0,1
73404581,HDR-1708,HDR-1708,LM-1708 8Ft Chain Rail,0,1
73404992,HDR-1707,HDR-1707,LM-1707 7Ft Chain Rail,0,1
73405165,HDR-1710,HDR-1710,LM-1710&nbsp; 10ft Chain Rail,0,1
73406430,HDR-LM 14ft I-Beam Chain,HDR-LM 14ft I-Beam Chain,LM-LM 14ft I-Beam Chain,0,1
73406664,HDR-LM 12ft I-Beam Chain,HDR-LM 12ft I-Beam Chain,LM-LM 12ft I-Beam Chain,0,1
76217906,Double Windows,Double Windows,Double Windows for Wood Overlay Doors,0,1
76218164,Single Wood Arch,Single Wood Arch,Single Wood Arch for Overlay Doors,0,1
76218352,Double Wood Arch,Double Wood Arch,Double Wood Arch for Overlay Doors,0,1
76219334,Single Windows,Single Windows,Single Windows for Wood Overlay Doors,0,1
77370813,A1-Magnetic Hardware Kit,A1-Magnetic Hardware Kit,<b>A1-Magnetic Hardware Kit</b>,0,1
78328366,"A1-6200Z Red 7"" Rollers","A1-6200Z Red 7"" Rollers","A1 Red Lifetime Premium Sealed Ball Bearing Rollers with 7"" Stem",0,1
78333479,HA-#5 Hinges,HA-#5 Hinges,HA-#5 Hinges,0,1
78339581,HA-Super Sneaky Brackets,HA-Super Sneaky Brackets,Super Sneaky Brackets for Low Headroom,0,1
78344569,ELM-LM877 Keypad,LM-LM877 Keypad,LM-LM877 Keypad Yellow Button operators&nbsp;,0,1
78344769,ELM-LM893 Remote,LM-LM893 Remote,LM-893 Remote,0,1
78351101,SO-Holmes Arms,SO-Holmes Arms,Holmes Arm Kit for 1 piece doors,0,1
78354217,SE-106,SE-106,60# Brown Double Looped Extension Springs,0,1
78355081,SE-108,SE-108, Gold Double Looped Extension Springs,0,1
78355437,SE-111,SE-111,110# White Double Looped Extension Springs,0,1
78355484,S-Taylor Sectional,S-Taylor Sectional,Taylor Sectional Spring,0,1
78355522,SE-107,SE-107,70# Orange Double Looped Extension Springs,0,1
78355652,SE-109,SE-109,90# Light Blue Double Looped Extension Springs,0,1
78355686,SE-112,SE-112,Green Double Looped Extension Springs,0,1
78355691,SE-113,SE-113,Yellow Double Looped Extension Springs,0,1
78355807,SE-115,SE-115,Red Double Looped Extension Springs,0,1
78356033,SE-110,SE-110,100# Tan Double Looped Extension Springs,0,1
78356334,SE-114,SE-114,Blue Double Looped Extension Springs,0,1
79081277,"DNW-16x21"" NW10C Glass Med Wd","DNW-16x21"" NW10C Glass Med Wd","DNW-16x21"" NW10C Glass Med Wood Panel",0,1
79081764,"DNW-16x21"" NW10C Glass Dark Wd","DNW-16x21"" NW10C Glass Dark Wd","DNW-16x21"" NW10C Glass Dark Wood Panel",0,1
79082419,"DNW-8x21"" NW118 Glass Wht Pnl","DNW-8x21"" NW118 Glass Wht Pnl","DNW-8x21"" NW118 Glass White Panel",0,1
79083100,"DNW-16x21"" NW118 Glass Wht Pnl","DNW-16x21"" NW118 Glass Wht Pnl","DNW-16x21"" NW118 Glass White Panel",0,1
79083128,"DNW-8x21"" NW10C Glass Dk Wd Pnl","DNW-8x21"" NW10C Glass Dk Wd Pnl","DNW-8x21"" NW10C Glass Dark Wood Panel",0,1
79083983,"DNW-8x21"" NW10C Glass Md Wd Pnl","DNW-8x21"" NW10C Glass Md Wd Pnl","DNW-8x21"" NW10C Glass Med Wood Panel",0,1
79118122,NRC-STM-Dummy Spring,STM-Dummy Spring,Part Holder for Max Life Springs,0,1
82869070,A1-Red Skinny ORB,A1-Red Skinny ORB,A1-Red Skinny ORB,0,1
83916768,HD-LM8500W,HD-LM8500W,LM-LiftMaster 8500W JackShaft,0,1
83916926,"Trim Sandtone 18"" Hollow","Trim Sandtone 18"" Hollow","Trim Sandtone 18"" Hollow",0,1
83917471,"Trim Almond 18"" Hollow","Trim Almond 18"" Hollow","Trim Almond 18"" Hollow",0,1
83917473,"Trim Bronze 18"" Hollow","Trim Bronze 18"" Hollow","Trim Bronze 18"" Hollow",0,1
83917555,Epoxy Cost,Epoxy Cost per sq ft,Epoxy Cost per sq ft,0,1
83917933,"Trim White 18"" Hollow","Trim White 18"" Hollow","Trim White 18"" Hollow",0,1
83918024,"Trim Chocolate 18"" Hollow","Trim Chocolate 18"" Hollow","Trim Chocolate 18"" Hollow",0,1
83918026,"Trim Brown 18"" Hollow","Trim Brown 18"" Hollow","Trim Brown 18"" Hollow",0,1
83918154,"Trim Black 18"" Hollow","Trim Black 18"" Hollow","Trim Black 18"" Hollow",0,1
87094881,NRC-Decorative Hardware Costs,Decorative Hardware Costs,Decorative Hardware Costs,0,1
87094896,NRC-A1 Club 8ft Strut,A1 Club 8ft Strut,A1 Club 8ft Strut,0,1
87095287,NRC-A1 Club 16ft Strut,A1 Club 16ft Strut,A1 Club 16ft Strut,0,1
87095387,NRC-1 Piece Removal Costs,1 Piece Removal Costs,1 Piece Removal Costs,0,1
87095519,NRC-Painting Costs,Painting Costs,Painting Costs,0,1
87096146,NRC-Header and Spring Pad Costs,Header and Spring Pad Costs,Header and Spring Pad Costs,0,1
87096667,NRC-Full Frameout Costs,Full Frameout Costs,Full Frameout Costs,0,1
87096783,NRC-Wood Door Removal Costs,Wood Door Removal Costs,Wood Door Removal Costs,0,1
87096947,NRC-A1 Club 9ft Strut,A1 Club 9ft Strut,A1 Club 9ft Strut,0,1
87096959,NRC-A1 Club 18ft Strut,A1 Club 18ft Strut,A1 Club 18ft Strut,0,1
87222561,NRC-LHR/Zero Clearance Costs,LHR/Zero Clearance Costs,LHR/Zero Clearance Costs,0,1
87829731,NRC-A1 Club Surge adj,A1 Club Surge adj,A1 Club Surge adj,0,1
89522329,NRC-A1 Club Costs Mthly,A1 Club Costs Mthly,A1 Club Costs Mthly,0,1
89525239,NRC-A1 Custom Costs Mthly,A1 Custom Costs Mthly,A1 Custom Costs Mthly,0,1
89525625,NRC-A1 Custom Costs Yearly,A1 Custom Costs Yearly,A1 Custom Costs Yearly,0,1
89529064,NRC-A1 Club Costs Yearly,A1 Club Costs Yearly,A1 Club Costs Yearly,0,1
89536067,NRC-Trip Charge Costs,Trip Charge Costs,Trip Charge Costs,0,1
89855269,Door48 Purchases,Door48 Purchases,Door48 Purchases,0,1
89858235,NRC-Custom Glass Costs,Custom Glass Costs,Costs for cutting custom glass window sections,0,1
90222635,Payroll Adjustment Item,Payroll Adjustment Item,Payroll Adjustment Item,0,1
91146081,NRC-Door Install Fuel Costs,Door Install Fuel Costs,Door Install Fuel Costs,0,1
91149977,NRC-ER Door Costs,ER Door Costs,ER Door Costs,0,1
91666497,A1-Red ORB,A1-Red ORB,A1-Red ORB,0,1
91791780,"HRU-9ft Oversized 6"" Rubber","HRU-9ft Oversized 6"" Rubber","HRU-9ft Oversized 6"" Rubber",0,1
91792692,"HRU-8ft Oversized 6"" Rubber","HRU-8ft Oversized 6"" Rubber","HRU-8ft Oversized 6"" Rubber",0,1
91793340,"HRU-18ft Oversized 6"" Rubber","HRU-18ft Oversized 6"" Rubber","HRU-18ft Oversized 6"" Rubber",0,1
91793743,"HRU-16ft Oversized 6"" Rubber","HRU-16ft Oversized 6"" Rubber","HRU-16ft Oversized 6"" Rubber",0,1
91834032,HRU-9Ft Rodent Seal,HRU-9Ft Rodent Seal,HRU-9Ft Rodent Seal,0,1
91835841,HRU-Rodent Seal 75FT,HRU-Rodent Seal 75FT,HRU-Rodent Seal 75FT Roll,0,1
91836056,HRU-16Ft Rodent Seal,HRU-16Ft Rodent Seal,HRU-16Ft Rodent Seal,0,1
91836070,HRU-8ft Storm Shield,HRU-8ft Storm Shield,HRU-8ft Storm Shield,0,1
91837985,HRU-Storm Shield 100Ft,HRU-Storm Shield 100Ft,HRU-Storm Shield 100Ft Roll,0,1
91837998,HRU-9ft Storm Shield,HRU-9ft Storm Shield,HRU-9ft Storm Shield,0,1
91838115,HRU-18Ft Rodent Seal,HRU-18Ft Rodent Seal,HRU-18Ft Rodent Seal,0,1
91838130,HRU-18ft Storm Shield,HRU-18ft Storm Shield,HRU-18ft Storm Shield,0,1
91838597,HRU-8Ft Rodent Seal,HRU-8Ft Rodent Seal,HRU-8Ft Rodent Seal,0,1
91839361,HRU-16ft Storm Shield,HRU-16ft Storm Shield,HRU-16ft Storm Shield,0,1
91937518,"HO-Standard 3"" Pulley","HO-Standard 3"" Pulley","HO-Standard 3"" Pulley",5,1
91937520,"HO-Heavy 3"" Pulley","HO-Heavy 3"" Pulley","HO-Heavy 3"" Pulley",8,1
91937522,"HO-Forks 3""","HO-Forks 3""","HO-Forks 3""",1,1
91946996,HO-S Hooks,HO-S Hooks,HO-S Hooks,1,1
91946998,HO-Eye Bolt,HO-Eye Bolt,HO-Eye Bolt,1,1
91947000,HO-Cable Tieclamp,HO-Cable Tieclamp,HO-Cable Tieclamp,1,1
92114685,Tech Rewards,Tech Rewards,Tech Rewards,1,1
92114687,Travel,Travel,Travel,1,1
92114689,Lumber,Lumber,Lumber,1,1
92114691,Equipment Rental,Equipment Rental,Equipment Rental,1,1
92114693,Office Supplies,Office Supplies,Office Supplies,1,1
92114695,Auto Repair,Auto Repair,Auto Repair,1,1
92191757,"HRU-3"" Btm Rub 300Ft","HRU-3"" Btm Rub 300Ft","HRU-3"" Btm Rub 300Ft",0,1
92244763,NRC-Other Misc,Other Misc,Other Misc,0,1
92408463,HA-LHR Top Bracket,HA-LHR Top Bracket,HA-LHR Top Bracket,0,1
92691524,"DNW-9x21"" NW10C Glass BWT Pnl","DNW-9x21"" NW10C Glass BWT Pnl","DNW-9x21"" NW10C Glass BWT Pnl",0,1
92695684,"DNW-16x21"" NW118 Glass ALD Pnl","DNW-16x21"" NW118 Glass ALD Pnl","DNW-16x21"" NW118 Glass ALD Pnl",0,1
92699292,"DNW-18x21"" NW501 Glass BWT Pnl","DNW-18x21"" NW501 Glass BWT Pnl","DNW-18x21"" NW501 Glass BWT Pnl",0,1
92699307,"DNW-8x21"" NW501 Glass BWT Pn","DNW-8x21"" NW501 Glass BWT Pn","DNW-8x21"" NW501 Glass BWT Pn",0,1
92701453,"DNW-16x21"" NW501 Glass ALD Pnl","DNW-16x21"" NW501 Glass ALD Pnl","DNW-16x21"" NW501 Glass ALD Pnl",0,1
92701781,"DNW-16x21"" NW10C Glass ALD Pnl","DNW-16x21"" NW10C Glass ALD Pnl","DNW-16x21"" NW10C Glass ALD Pnl",0,1
92702935,"DNW-16x21"" NW502 Glass BWT Pnl","DNW-16x21"" NW502 Glass BWT Pnl","DNW-16x21"" NW502 Glass BWT Pnl",0,1
92704678,"DNW-9x21"" NW118 Glass ALD Pnl","DNW-9x21"" NW118 Glass ALD Pnl","DNW-9x21"" NW118 Glass ALD Pnl",0,1
92704908,"DNW-8x21"" NW118 Glass ALD Pnl","DNW-8x21"" NW118 Glass ALD Pnl","DNW-8x21"" NW118 Glass ALD Pnl",0,1
92705127,"DNW-16x21"" NW501 Glass BWT Pnl","DNW-16x21"" NW501 Glass BWT Pnl","DNW-16x21"" NW501 Glass BWT Pnl",0,1
92706084,"DNW-8x21"" NW502 Glass SST Pnl","DNW-8x21"" NW502 Glass SST Pnl","DNW-8x21"" NW502 Glass SST Pnl",0,1
92706426,"DNW-16x21"" NW502 Glass ALD Pnl","DNW-16x21"" NW502 Glass ALD Pnl","DNW-16x21"" NW502 Glass ALD Pnl",0,1
92707468,"DNW-18x21"" NW501 Glass ALD Pnl","DNW-18x21"" NW501 Glass ALD Pnl","DNW-18x21"" NW501 Glass ALD Pnl",0,1
92707484,"DNW-9x21"" NW118 Glass BWT Pnl","DNW-9x21"" NW118 Glass BWT Pnl","DNW-9x21"" NW118 Glass BWT Pnl",0,1
92714943,"DNW-8X18"" NW218 BWT Pnl","DNW-8X18"" NW218 BWT Pnl","DNW-8X18"" NW218 BWT Pnl",0,1
92718532,"DNW-10X21"" NW118 Sandtone Panel","DNW-10X21"" NW118 Sandtone Panel","DNW-10X21"" NW118 Sandtone Panel&nbsp;<br>",0,1
92718606,"DNW-10X18"" NW118 Sandtone Panel","DNW-10X18"" NW118 Sandtone Panel","DNW-10X21"" NW118 Sandtone Panel&nbsp;<br>",0,1
92731008,"DNW-16x18"" NW218 ALM Pnl","DNW-16x18"" NW218 ALM Pnl","DNW-16x18"" NW218 ALM Pnl",0,1
92731023,"DNW-9X18"" NW218 BWT Pnl","DNW-9X18"" NW218 BWT Pnl","DNW-9X18"" NW218 BWT Pnl",0,1
92731659,"DNW-8x21"" NW10C Glass Wht Pnl","DNW-8x21"" NW10C Glass Wht Pnl","DNW-8x21"" NW10C Glass Wht Pnl",0,1
92735731,"DNW-9X21"" NW218 Bwt Pnl","DNW-9X21"" NW218 Bwt Pnl","DNW-9X21"" NW218 Bwt Pnl",0,1
92848335,NRC-MaxLife Upgrade,MaxLife Upgrade,MaxLife Upgrade,0,1
93943256,TA-Angle 2x2,TA-Angle 2x2,TA-Angle 2x2,0,1
93951022,GSS-9 Bin Storage Frame,GSS-9 Bin Storage Frame,9 Bin Storage Frame,0,1
93951535,GSS-3 in 1 Storage Frame,GSS-3 in 1 Storage Frame,GSS-3 in 1 Storage Frame,0,1
93957470,TA-Angle Sloted,TA-Angle Sloted,TA-Angle Sloted,0,1
94337305,NRC-Warranty Call,Warranty Call,Warranty Call,0,1
94799972,BLM-41A5483-390,BLM-41A5483-390,BLM-41A5483-390 Liftmaster Logic Board,0,1
94802751,BLM-41A5021-390,BLM-41A5021-390,BLM-41A5021-390 Liftmaster Logic Board,0,1
94806789,BLM-41A5021-315,BLM-41A5021-315,BLM-41A5021-315 Liftmaster Logic Board,0,1
94809124,BLM-41AB050-315,BLM-41AB050-315,BLM-41AB050-315,0,1
95029877,NRC-Build Down Costs,Build Down Costs,Build Down Costs,0,1
98021262,STC-Torsion Spring Cone,STC-Torsion Spring Cone,STC-Torsion Spring Cone,0,1
